Latitude,Longitude,Date,Type,Count
-42.77758,147.26659,2019-08-09,Non-Hazardous,7
-42.77758,147.26659,2019-10-31,Non-Hazardous,9
-42.77758,147.26659,2020-02-27,Non-Hazardous,12
-42.77758,147.26659,2020-04-04,Hazardous,8
-42.77758,147.26659,2020-05-22,Non-Hazardous,5
-42.77758,147.26659,2020-05-25,Non-Hazardous,12
-42.77758,147.26659,2020-06-25,Non-Hazardous,5
-42.77758,147.26659,2020-07-04,Hazardous,7
-42.77758,147.26659,2020-07-20,Non-Hazardous,12
-42.77758,147.26659,2020-07-28,Non-Hazardous,14
-42.77758,147.26659,2020-09-02,Non-Hazardous,9
-42.77758,147.26659,2020-11-07,Hazardous,11
-42.77758,147.26659,2020-12-07,Non-Hazardous,9
-42.53,146.86,2019-02-10,Hazardous,5
-42.53,146.86,2019-02-12,Non-Hazardous,12
-42.53,146.86,2019-10-14,Non-Hazardous,8
-42.53,146.86,2019-10-25,Hazardous,9
-42.53,146.86,2020-01-06,Hazardous,14
-42.53,146.86,2020-01-16,Non-Hazardous,14
-42.53,146.86,2020-01-19,Hazardous,13
-42.53,146.86,2020-01-28,Non-Hazardous,14
-42.53,146.86,2020-02-04,Non-Hazardous,9
-42.53,146.86,2020-03-07,Non-Hazardous,6
-42.53,146.86,2020-04-04,Non-Hazardous,12
-42.53,146.86,2020-04-17,Hazardous,15
-42.53,146.86,2020-06-05,Hazardous,5
-42.26,148.01,2019-09-29,Hazardous,15
-42.26,148.01,2019-10-10,Non-Hazardous,12
-42.26,148.01,2019-11-30,Hazardous,12
-42.26,148.01,2019-12-28,Non-Hazardous,5
-42.26,148.01,2020-01-08,Hazardous,7
-42.26,148.01,2020-02-05,Non-Hazardous,7
-42.26,148.01,2020-02-21,Hazardous,10
-42.26,148.01,2020-04-17,Hazardous,9
-42.26,148.01,2020-04-22,Hazardous,7
-42.26,148.01,2020-06-19,Non-Hazardous,13
-42.26,148.01,2020-07-17,Hazardous,6
-42.26,148.01,2020-10-07,Non-Hazardous,7
-41.45,147.11999,2019-04-09,Hazardous,11
-41.45,147.11999,2019-06-09,Hazardous,7
-41.45,147.11999,2019-08-16,Non-Hazardous,10
-41.45,147.11999,2019-08-25,Hazardous,10
-41.45,147.11999,2019-10-11,Non-Hazardous,11
-41.45,147.11999,2019-10-19,Hazardous,10
-41.45,147.11999,2019-11-14,Non-Hazardous,8
-41.45,147.11999,2019-12-09,Hazardous,8
-41.45,147.11999,2020-01-16,Non-Hazardous,5
-41.45,147.11999,2020-01-18,Non-Hazardous,15
-41.45,147.11999,2020-02-24,Non-Hazardous,11
-41.45,147.11999,2020-03-16,Non-Hazardous,15
-41.45,147.11999,2020-05-08,Non-Hazardous,5
-41.45,147.11999,2020-05-15,Non-Hazardous,5
-41.45,147.11999,2020-05-26,Non-Hazardous,6
-41.45,147.11999,2020-05-31,Hazardous,10
-41.45,147.11999,2020-06-15,Non-Hazardous,9
-41.45,147.11999,2020-06-21,Hazardous,15
-41.45,147.11999,2020-07-01,Hazardous,8
-41.45,147.11999,2020-07-05,Non-Hazardous,13
-41.45,147.11999,2020-07-25,Hazardous,12
-41.45,147.11999,2020-08-02,Hazardous,12
-41.45,147.11999,2020-09-07,Non-Hazardous,15
-41.45,147.11999,2020-11-03,Non-Hazardous,9
-41.45,147.11999,2020-12-07,Non-Hazardous,8
-41.07,146.71001,2019-02-10,Non-Hazardous,14
-41.07,146.71001,2019-09-18,Non-Hazardous,10
-41.07,146.71001,2019-12-16,Non-Hazardous,14
-41.07,146.71001,2020-03-24,Non-Hazardous,8
-41.07,146.71001,2020-04-13,Non-Hazardous,15
-41.07,146.71001,2020-04-15,Non-Hazardous,12
-41.07,146.71001,2020-04-20,Non-Hazardous,15
-41.07,146.71001,2020-04-22,Non-Hazardous,11
-41.07,146.71001,2020-06-06,Non-Hazardous,14
-41.07,146.71001,2020-07-17,Non-Hazardous,15
-41.07,146.71001,2020-07-31,Hazardous,11
-41.07,146.71001,2020-12-08,Non-Hazardous,5
-38.54285,145.34407,2019-04-08,Non-Hazardous,5
-38.54285,145.34407,2019-08-14,Hazardous,10
-38.54285,145.34407,2019-08-18,Hazardous,10
-38.54285,145.34407,2019-10-09,Non-Hazardous,15
-38.54285,145.34407,2019-10-25,Hazardous,10
-38.54285,145.34407,2019-11-25,Non-Hazardous,15
-38.54285,145.34407,2020-01-26,Hazardous,11
-38.54285,145.34407,2020-02-16,Non-Hazardous,15
-38.54285,145.34407,2020-04-14,Non-Hazardous,14
-38.54285,145.34407,2020-05-29,Hazardous,8
-38.54285,145.34407,2020-05-30,Non-Hazardous,9
-38.54285,145.34407,2020-07-18,Hazardous,13
-38.54285,145.34407,2020-11-06,Hazardous,6
-38.5343,143.97648,2019-04-10,Non-Hazardous,15
-38.5343,143.97648,2019-07-08,Non-Hazardous,10
-38.5343,143.97648,2019-08-23,Non-Hazardous,5
-38.5343,143.97648,2019-09-09,Hazardous,6
-38.5343,143.97648,2019-09-16,Non-Hazardous,6
-38.5343,143.97648,2019-09-26,Non-Hazardous,8
-38.5343,143.97648,2019-10-10,Non-Hazardous,8
-38.5343,143.97648,2019-10-22,Hazardous,8
-38.5343,143.97648,2019-11-09,Non-Hazardous,9
-38.5343,143.97648,2019-11-11,Hazardous,12
-38.5343,143.97648,2019-12-09,Hazardous,14
-38.5343,143.97648,2019-12-18,Non-Hazardous,7
-38.5343,143.97648,2019-12-26,Non-Hazardous,7
-38.5343,143.97648,2019-12-31,Non-Hazardous,15
-38.5343,143.97648,2020-01-14,Non-Hazardous,6
-38.5343,143.97648,2020-01-30,Non-Hazardous,12
-38.5343,143.97648,2020-04-17,Non-Hazardous,10
-38.5343,143.97648,2020-05-01,Non-Hazardous,7
-38.5343,143.97648,2020-05-21,Non-Hazardous,8
-38.5343,143.97648,2020-05-29,Hazardous,11
-38.5343,143.97648,2020-06-02,Non-Hazardous,5
-38.5343,143.97648,2020-07-18,Hazardous,12
-38.5342,143.9782,2019-08-22,Non-Hazardous,6
-38.5342,143.9782,2019-08-25,Hazardous,5
-38.5342,143.9782,2019-09-12,Non-Hazardous,6
-38.5342,143.9782,2020-01-15,Hazardous,14
-38.5342,143.9782,2020-02-07,Non-Hazardous,15
-38.5342,143.9782,2020-02-29,Non-Hazardous,10
-38.5342,143.9782,2020-04-04,Hazardous,15
-38.5342,143.9782,2020-04-26,Non-Hazardous,10
-38.5342,143.9782,2020-05-03,Hazardous,6
-38.5342,143.9782,2020-05-06,Non-Hazardous,9
-38.5342,143.9782,2020-05-17,Non-Hazardous,10
-38.5342,143.9782,2020-06-13,Non-Hazardous,11
-38.5342,143.9782,2020-10-07,Non-Hazardous,7
-38.5334,143.97779,2019-08-08,Non-Hazardous,12
-38.5334,143.97779,2019-09-21,Hazardous,11
-38.5334,143.97779,2019-10-22,Hazardous,12
-38.5334,143.97779,2019-11-10,Non-Hazardous,10
-38.5334,143.97779,2019-11-28,Non-Hazardous,12
-38.5334,143.97779,2019-12-12,Hazardous,7
-38.5334,143.97779,2019-12-25,Non-Hazardous,14
-38.5334,143.97779,2020-01-06,Non-Hazardous,11
-38.5334,143.97779,2020-02-15,Non-Hazardous,8
-38.5334,143.97779,2020-03-31,Non-Hazardous,5
-38.5334,143.97779,2020-04-20,Hazardous,8
-38.5334,143.97779,2020-07-13,Non-Hazardous,5
-38.42486,145.07097,2019-01-09,Non-Hazardous,7
-38.42486,145.07097,2019-02-11,Non-Hazardous,9
-38.42486,145.07097,2019-08-10,Non-Hazardous,8
-38.42486,145.07097,2019-09-19,Non-Hazardous,10
-38.42486,145.07097,2019-09-26,Non-Hazardous,14
-38.42486,145.07097,2019-11-21,Non-Hazardous,14
-38.42486,145.07097,2019-11-27,Non-Hazardous,10
-38.42486,145.07097,2019-11-27,Hazardous,13
-38.42486,145.07097,2019-12-21,Non-Hazardous,7
-38.42486,145.07097,2020-01-01,Non-Hazardous,10
-38.42486,145.07097,2020-01-14,Non-Hazardous,9
-38.42486,145.07097,2020-01-21,Non-Hazardous,10
-38.42486,145.07097,2020-12-07,Hazardous,15
-38.4,144.25,2019-07-10,Non-Hazardous,14
-38.4,144.25,2019-08-17,Non-Hazardous,8
-38.4,144.25,2019-08-31,Non-Hazardous,10
-38.4,144.25,2019-09-26,Non-Hazardous,5
-38.4,144.25,2019-11-27,Non-Hazardous,15
-38.4,144.25,2019-12-22,Non-Hazardous,7
-38.4,144.25,2020-01-17,Hazardous,7
-38.4,144.25,2020-04-19,Hazardous,15
-38.4,144.25,2020-05-13,Non-Hazardous,10
-38.4,144.25,2020-06-08,Non-Hazardous,10
-38.4,144.25,2020-07-23,Non-Hazardous,14
-38.4,144.25,2020-07-31,Non-Hazardous,14
-38.34972,144.92806,2019-03-09,Hazardous,10
-38.34972,144.92806,2019-11-19,Non-Hazardous,10
-38.34972,144.92806,2019-11-24,Hazardous,8
-38.34972,144.92806,2019-12-11,Hazardous,10
-38.34972,144.92806,2020-02-14,Non-Hazardous,7
-38.34972,144.92806,2020-03-04,Non-Hazardous,12
-38.34972,144.92806,2020-04-30,Non-Hazardous,13
-38.34972,144.92806,2020-05-19,Non-Hazardous,9
-38.34972,144.92806,2020-06-30,Non-Hazardous,6
-38.34972,144.92806,2020-07-13,Non-Hazardous,5
-38.34972,144.92806,2020-07-23,Non-Hazardous,6
-38.34972,144.92806,2020-10-04,Non-Hazardous,6
-38.34972,144.92806,2020-12-01,Non-Hazardous,11
-38.34375,144.97014,2019-02-08,Non-Hazardous,12
-38.34375,144.97014,2019-03-12,Non-Hazardous,10
-38.34375,144.97014,2019-08-16,Non-Hazardous,10
-38.34375,144.97014,2019-08-16,Hazardous,15
-38.34375,144.97014,2019-08-19,Non-Hazardous,9
-38.34375,144.97014,2019-09-18,Non-Hazardous,10
-38.34375,144.97014,2019-09-25,Non-Hazardous,6
-38.34375,144.97014,2019-10-15,Non-Hazardous,15
-38.34375,144.97014,2019-11-24,Non-Hazardous,10
-38.34375,144.97014,2019-12-13,Non-Hazardous,11
-38.34375,144.97014,2019-12-20,Non-Hazardous,11
-38.34375,144.97014,2019-12-23,Non-Hazardous,6
-38.34375,144.97014,2019-12-25,Non-Hazardous,12
-38.34375,144.97014,2020-01-14,Hazardous,13
-38.34375,144.97014,2020-02-19,Hazardous,11
-38.34375,144.97014,2020-02-20,Hazardous,11
-38.34375,144.97014,2020-02-24,Non-Hazardous,10
-38.34375,144.97014,2020-02-26,Non-Hazardous,10
-38.34375,144.97014,2020-03-03,Hazardous,12
-38.34375,144.97014,2020-03-06,Non-Hazardous,8
-38.34375,144.97014,2020-03-19,Non-Hazardous,7
-38.34375,144.97014,2020-03-20,Non-Hazardous,12
-38.34375,144.97014,2020-03-21,Non-Hazardous,14
-38.34375,144.97014,2020-03-29,Non-Hazardous,12
-38.34375,144.97014,2020-04-01,Hazardous,10
-38.34375,144.97014,2020-04-13,Non-Hazardous,10
-38.34375,144.97014,2020-04-26,Non-Hazardous,9
-38.34375,144.97014,2020-04-27,Non-Hazardous,15
-38.34375,144.97014,2020-05-20,Non-Hazardous,8
-38.34375,144.97014,2020-06-05,Hazardous,6
-38.34375,144.97014,2020-06-06,Non-Hazardous,13
-38.34375,144.97014,2020-06-24,Non-Hazardous,5
-38.34375,144.97014,2020-06-26,Non-Hazardous,11
-38.34375,144.97014,2020-07-31,Non-Hazardous,7
-38.34375,144.97014,2020-08-02,Hazardous,6
-38.34375,144.97014,2020-08-08,Non-Hazardous,11
-38.34375,144.97014,2020-10-07,Hazardous,5
-38.32153,144.9832,2019-06-12,Hazardous,8
-38.32153,144.9832,2019-07-11,Hazardous,9
-38.32153,144.9832,2019-07-12,Non-Hazardous,9
-38.32153,144.9832,2019-09-23,Non-Hazardous,10
-38.32153,144.9832,2019-09-29,Hazardous,5
-38.32153,144.9832,2019-10-13,Hazardous,7
-38.32153,144.9832,2019-10-26,Hazardous,15
-38.32153,144.9832,2019-10-27,Non-Hazardous,12
-38.32153,144.9832,2019-10-31,Non-Hazardous,14
-38.32153,144.9832,2019-11-12,Hazardous,7
-38.32153,144.9832,2019-12-23,Hazardous,7
-38.32153,144.9832,2020-01-08,Hazardous,10
-38.32153,144.9832,2020-02-03,Non-Hazardous,13
-38.32153,144.9832,2020-02-07,Non-Hazardous,12
-38.32153,144.9832,2020-04-14,Non-Hazardous,7
-38.32153,144.9832,2020-04-17,Non-Hazardous,10
-38.32153,144.9832,2020-04-28,Non-Hazardous,15
-38.32153,144.9832,2020-05-13,Non-Hazardous,12
-38.32153,144.9832,2020-05-31,Non-Hazardous,5
-38.32153,144.9832,2020-06-13,Non-Hazardous,15
-38.32153,144.9832,2020-07-13,Non-Hazardous,15
-38.32153,144.9832,2020-08-01,Non-Hazardous,8
-38.32153,144.9832,2020-09-02,Non-Hazardous,8
-38.32153,144.9832,2020-11-03,Hazardous,15
-38.32153,144.9832,2020-12-05,Hazardous,12
-38.28333,144.5,2019-04-11,Non-Hazardous,10
-38.28333,144.5,2019-08-27,Non-Hazardous,10
-38.28333,144.5,2020-01-17,Non-Hazardous,12
-38.28333,144.5,2020-02-27,Non-Hazardous,14
-38.28333,144.5,2020-03-13,Hazardous,13
-38.28333,144.5,2020-03-14,Non-Hazardous,12
-38.28333,144.5,2020-06-13,Non-Hazardous,15
-38.28333,144.5,2020-06-19,Hazardous,15
-38.28333,144.5,2020-06-25,Hazardous,8
-38.28333,144.5,2020-07-17,Non-Hazardous,8
-38.28333,144.5,2020-08-08,Non-Hazardous,7
-38.27153,145.00653,2019-08-14,Hazardous,10
-38.27153,145.00653,2019-11-13,Non-Hazardous,15
-38.27153,145.00653,2019-12-08,Non-Hazardous,9
-38.27153,145.00653,2019-12-25,Non-Hazardous,15
-38.27153,145.00653,2020-01-23,Non-Hazardous,13
-38.27153,145.00653,2020-03-17,Non-Hazardous,15
-38.27153,145.00653,2020-03-21,Hazardous,13
-38.27153,145.00653,2020-04-29,Non-Hazardous,12
-38.27153,145.00653,2020-06-28,Hazardous,15
-38.27153,145.00653,2020-12-07,Non-Hazardous,9
-38.27153,145.00653,2020-12-08,Non-Hazardous,14
-38.26764,144.65903,2019-11-29,Hazardous,15
-38.26764,144.65903,2020-01-13,Hazardous,11
-38.26764,144.65903,2020-01-16,Non-Hazardous,15
-38.26764,144.65903,2020-02-03,Hazardous,13
-38.26764,144.65903,2020-02-07,Non-Hazardous,8
-38.26764,144.65903,2020-02-14,Hazardous,14
-38.26764,144.65903,2020-03-02,Non-Hazardous,9
-38.26764,144.65903,2020-04-08,Hazardous,6
-38.26764,144.65903,2020-04-20,Hazardous,8
-38.26764,144.65903,2020-05-30,Hazardous,8
-38.26764,144.65903,2020-06-07,Hazardous,9
-38.26764,144.65903,2020-06-26,Non-Hazardous,12
-38.26667,145.01667,2019-02-09,Non-Hazardous,7
-38.26667,145.01667,2019-05-08,Hazardous,10
-38.26667,145.01667,2019-08-12,Hazardous,9
-38.26667,145.01667,2019-08-23,Non-Hazardous,7
-38.26667,145.01667,2019-08-23,Hazardous,6
-38.26667,145.01667,2019-08-27,Hazardous,11
-38.26667,145.01667,2019-09-22,Non-Hazardous,10
-38.26667,145.01667,2019-10-14,Hazardous,15
-38.26667,145.01667,2019-11-08,Non-Hazardous,11
-38.26667,145.01667,2019-11-23,Non-Hazardous,11
-38.26667,145.01667,2020-02-17,Non-Hazardous,14
-38.26667,145.01667,2020-02-17,Hazardous,9
-38.26667,145.01667,2020-02-20,Non-Hazardous,15
-38.26667,145.01667,2020-02-24,Non-Hazardous,6
-38.26667,145.01667,2020-04-08,Non-Hazardous,6
-38.26667,145.01667,2020-05-16,Non-Hazardous,9
-38.26667,145.01667,2020-06-04,Hazardous,11
-38.26667,145.01667,2020-07-02,Non-Hazardous,12
-38.26667,145.01667,2020-07-20,Non-Hazardous,13
-38.26667,145.01667,2020-07-24,Hazardous,7
-38.26667,145.01667,2020-08-01,Non-Hazardous,13
-38.26667,145.01667,2020-08-08,Non-Hazardous,5
-38.26667,145.01667,2020-09-08,Hazardous,15
-38.26667,145.01667,2020-11-01,Hazardous,15
-38.26667,145.01667,2020-12-03,Hazardous,6
-38.26264,145.01819,2019-04-08,Non-Hazardous,7
-38.26264,145.01819,2019-05-11,Hazardous,10
-38.26264,145.01819,2019-09-22,Non-Hazardous,15
-38.26264,145.01819,2019-10-09,Non-Hazardous,12
-38.26264,145.01819,2019-10-17,Non-Hazardous,11
-38.26264,145.01819,2019-10-19,Hazardous,12
-38.26264,145.01819,2019-11-09,Non-Hazardous,8
-38.26264,145.01819,2019-11-14,Hazardous,7
-38.26264,145.01819,2020-02-13,Hazardous,8
-38.26264,145.01819,2020-02-16,Hazardous,7
-38.26264,145.01819,2020-03-05,Non-Hazardous,13
-38.26264,145.01819,2020-03-14,Non-Hazardous,11
-38.26264,145.01819,2020-03-20,Non-Hazardous,7
-38.26264,145.01819,2020-04-16,Non-Hazardous,9
-38.26264,145.01819,2020-04-18,Non-Hazardous,13
-38.26264,145.01819,2020-04-29,Hazardous,5
-38.26264,145.01819,2020-05-21,Non-Hazardous,12
-38.26264,145.01819,2020-05-30,Non-Hazardous,12
-38.26264,145.01819,2020-06-03,Hazardous,7
-38.26264,145.01819,2020-07-28,Hazardous,8
-38.26264,145.01819,2020-07-31,Non-Hazardous,10
-38.26264,145.01819,2020-09-03,Hazardous,7
-38.26264,145.01819,2020-12-02,Non-Hazardous,5
-38.26264,145.01819,2020-12-08,Hazardous,6
-38.24931,145.02875,2019-02-09,Non-Hazardous,8
-38.24931,145.02875,2019-03-08,Non-Hazardous,15
-38.24931,145.02875,2019-07-12,Non-Hazardous,8
-38.24931,145.02875,2019-08-24,Non-Hazardous,14
-38.24931,145.02875,2019-11-20,Hazardous,5
-38.24931,145.02875,2019-12-10,Non-Hazardous,13
-38.24931,145.02875,2020-02-04,Non-Hazardous,7
-38.24931,145.02875,2020-02-26,Non-Hazardous,7
-38.24931,145.02875,2020-03-05,Non-Hazardous,13
-38.24931,145.02875,2020-04-24,Non-Hazardous,9
-38.24931,145.02875,2020-04-30,Non-Hazardous,7
-38.20042,145.06541,2019-01-11,Hazardous,9
-38.20042,145.06541,2019-03-10,Non-Hazardous,7
-38.20042,145.06541,2019-09-27,Hazardous,8
-38.20042,145.06541,2019-10-26,Hazardous,6
-38.20042,145.06541,2019-10-29,Non-Hazardous,14
-38.20042,145.06541,2019-11-08,Hazardous,15
-38.20042,145.06541,2019-11-12,Non-Hazardous,7
-38.20042,145.06541,2020-01-06,Non-Hazardous,12
-38.20042,145.06541,2020-03-25,Non-Hazardous,10
-38.20042,145.06541,2020-06-29,Non-Hazardous,6
-38.20042,145.06541,2020-07-28,Hazardous,15
-38.20042,145.06541,2020-07-30,Non-Hazardous,13
-38.20042,145.06541,2020-07-31,Hazardous,12
-38.1818,144.55792,2019-07-08,Non-Hazardous,9
-38.1818,144.55792,2019-07-11,Hazardous,15
-38.1818,144.55792,2019-08-10,Non-Hazardous,5
-38.1818,144.55792,2019-08-20,Non-Hazardous,14
-38.1818,144.55792,2019-12-11,Non-Hazardous,12
-38.1818,144.55792,2020-01-17,Hazardous,13
-38.1818,144.55792,2020-01-28,Non-Hazardous,11
-38.1818,144.55792,2020-01-29,Non-Hazardous,10
-38.1818,144.55792,2020-02-18,Non-Hazardous,12
-38.1818,144.55792,2020-05-07,Non-Hazardous,12
-38.1818,144.55792,2020-06-17,Hazardous,6
-38.1818,144.55792,2020-09-06,Hazardous,12
-38.17058,144.3114,2019-01-11,Hazardous,5
-38.17058,144.3114,2019-04-09,Non-Hazardous,15
-38.17058,144.3114,2019-08-24,Non-Hazardous,11
-38.17058,144.3114,2019-09-10,Hazardous,8
-38.17058,144.3114,2019-11-21,Non-Hazardous,11
-38.17058,144.3114,2020-01-18,Non-Hazardous,12
-38.17058,144.3114,2020-02-05,Non-Hazardous,14
-38.17058,144.3114,2020-03-21,Hazardous,9
-38.17058,144.3114,2020-03-29,Hazardous,8
-38.17058,144.3114,2020-04-15,Non-Hazardous,14
-38.17058,144.3114,2020-05-23,Non-Hazardous,13
-38.17058,144.3114,2020-09-04,Non-Hazardous,10
-38.1567,144.5551,2019-08-24,Non-Hazardous,11
-38.1567,144.5551,2019-08-30,Non-Hazardous,11
-38.1567,144.5551,2019-09-08,Non-Hazardous,6
-38.1567,144.5551,2019-10-22,Non-Hazardous,8
-38.1567,144.5551,2019-11-24,Hazardous,5
-38.1567,144.5551,2019-12-12,Hazardous,13
-38.1567,144.5551,2020-01-30,Hazardous,11
-38.1567,144.5551,2020-04-14,Non-Hazardous,12
-38.1567,144.5551,2020-05-05,Hazardous,7
-38.1567,144.5551,2020-05-14,Hazardous,8
-38.1567,144.5551,2020-06-28,Hazardous,14
-38.1567,144.5551,2020-12-02,Non-Hazardous,7
-38.1567,144.5551,2020-12-02,Hazardous,6
-38.14389,144.38499,2019-02-12,Non-Hazardous,12
-38.14389,144.38499,2019-06-10,Hazardous,13
-38.14389,144.38499,2019-08-17,Non-Hazardous,7
-38.14389,144.38499,2019-08-20,Non-Hazardous,9
-38.14389,144.38499,2019-08-27,Non-Hazardous,12
-38.14389,144.38499,2019-08-31,Non-Hazardous,6
-38.14389,144.38499,2019-09-12,Non-Hazardous,14
-38.14389,144.38499,2019-09-14,Non-Hazardous,11
-38.14389,144.38499,2019-09-16,Non-Hazardous,9
-38.14389,144.38499,2019-09-18,Hazardous,12
-38.14389,144.38499,2019-10-28,Non-Hazardous,12
-38.14389,144.38499,2019-10-30,Non-Hazardous,11
-38.14389,144.38499,2019-11-10,Non-Hazardous,12
-38.14389,144.38499,2019-12-08,Hazardous,5
-38.14389,144.38499,2019-12-23,Non-Hazardous,9
-38.14389,144.38499,2020-01-08,Hazardous,5
-38.14389,144.38499,2020-01-25,Non-Hazardous,5
-38.14389,144.38499,2020-02-16,Non-Hazardous,15
-38.14389,144.38499,2020-02-26,Hazardous,9
-38.14389,144.38499,2020-03-13,Hazardous,5
-38.14389,144.38499,2020-03-19,Hazardous,6
-38.14389,144.38499,2020-03-25,Non-Hazardous,15
-38.14389,144.38499,2020-03-31,Non-Hazardous,6
-38.14389,144.38499,2020-04-21,Hazardous,6
-38.14389,144.38499,2020-04-28,Non-Hazardous,14
-38.14389,144.38499,2020-04-30,Non-Hazardous,6
-38.14389,144.38499,2020-06-07,Non-Hazardous,12
-38.14389,144.38499,2020-06-27,Hazardous,10
-38.14389,144.38499,2020-07-23,Non-Hazardous,6
-38.14389,144.38499,2020-07-26,Non-Hazardous,5
-38.14389,144.38499,2020-07-27,Non-Hazardous,11
-38.14389,144.38499,2020-07-30,Non-Hazardous,14
-38.14389,144.38499,2020-08-08,Hazardous,5
-38.14389,144.38499,2020-10-03,Non-Hazardous,10
-38.14389,144.38499,2020-11-08,Non-Hazardous,11
-38.14389,144.38499,2020-12-08,Non-Hazardous,11
-38.14171,144.36219,2019-02-10,Hazardous,13
-38.14171,144.36219,2019-02-11,Hazardous,10
-38.14171,144.36219,2019-02-12,Hazardous,9
-38.14171,144.36219,2019-08-09,Non-Hazardous,6
-38.14171,144.36219,2019-08-13,Non-Hazardous,14
-38.14171,144.36219,2019-09-21,Hazardous,10
-38.14171,144.36219,2019-10-20,Non-Hazardous,9
-38.14171,144.36219,2019-11-23,Non-Hazardous,5
-38.14171,144.36219,2019-12-20,Hazardous,12
-38.14171,144.36219,2020-01-24,Non-Hazardous,9
-38.14171,144.36219,2020-02-26,Non-Hazardous,9
-38.14171,144.36219,2020-02-29,Hazardous,8
-38.14171,144.36219,2020-03-01,Non-Hazardous,6
-38.14171,144.36219,2020-03-20,Non-Hazardous,13
-38.14171,144.36219,2020-03-29,Hazardous,5
-38.14171,144.36219,2020-04-07,Non-Hazardous,11
-38.14171,144.36219,2020-05-22,Non-Hazardous,10
-38.14171,144.36219,2020-06-03,Non-Hazardous,13
-38.14171,144.36219,2020-06-04,Non-Hazardous,12
-38.14171,144.36219,2020-06-05,Hazardous,7
-38.14171,144.36219,2020-06-18,Hazardous,5
-38.14171,144.36219,2020-07-14,Non-Hazardous,5
-38.14171,144.36219,2020-07-16,Non-Hazardous,5
-38.14171,144.36219,2020-08-04,Non-Hazardous,12
-38.14171,144.36219,2020-12-08,Hazardous,9
-38.11542,144.65559,2019-01-11,Non-Hazardous,9
-38.11542,144.65559,2019-05-09,Non-Hazardous,9
-38.11542,144.65559,2019-08-23,Non-Hazardous,13
-38.11542,144.65559,2019-09-16,Non-Hazardous,15
-38.11542,144.65559,2019-09-18,Non-Hazardous,7
-38.11542,144.65559,2019-10-08,Non-Hazardous,11
-38.11542,144.65559,2019-11-08,Hazardous,15
-38.11542,144.65559,2019-11-14,Non-Hazardous,10
-38.11542,144.65559,2019-11-15,Non-Hazardous,8
-38.11542,144.65559,2019-11-21,Hazardous,13
-38.11542,144.65559,2020-03-17,Non-Hazardous,13
-38.11542,144.65559,2020-03-30,Non-Hazardous,11
-38.11542,144.65559,2020-04-25,Hazardous,13
-38.11542,144.65559,2020-05-01,Non-Hazardous,13
-38.11542,144.65559,2020-05-20,Non-Hazardous,9
-38.11542,144.65559,2020-05-21,Hazardous,5
-38.11542,144.65559,2020-07-04,Non-Hazardous,7
-38.11542,144.65559,2020-07-17,Non-Hazardous,14
-38.11542,144.65559,2020-07-24,Non-Hazardous,11
-38.11542,144.65559,2020-07-27,Hazardous,10
-38.11542,144.65559,2020-07-30,Hazardous,8
-38.11542,144.65559,2020-08-04,Non-Hazardous,7
-38.11542,144.65559,2020-10-05,Hazardous,9
-38.11542,144.65559,2020-11-01,Hazardous,5
-38.11342,145.28326,2019-03-10,Hazardous,14
-38.11342,145.28326,2019-04-09,Hazardous,11
-38.11342,145.28326,2019-08-08,Non-Hazardous,15
-38.11342,145.28326,2019-09-12,Non-Hazardous,12
-38.11342,145.28326,2019-10-30,Non-Hazardous,7
-38.11342,145.28326,2019-11-14,Hazardous,6
-38.11342,145.28326,2019-11-30,Non-Hazardous,6
-38.11342,145.28326,2019-12-15,Non-Hazardous,9
-38.11342,145.28326,2020-01-20,Hazardous,10
-38.11342,145.28326,2020-04-20,Non-Hazardous,9
-38.11342,145.28326,2020-05-08,Non-Hazardous,11
-38.11342,145.28326,2020-11-03,Non-Hazardous,5
-38.08403,145.11986,2019-04-09,Non-Hazardous,12
-38.08403,145.11986,2019-08-10,Hazardous,12
-38.08403,145.11986,2019-08-11,Non-Hazardous,11
-38.08403,145.11986,2019-10-17,Non-Hazardous,12
-38.08403,145.11986,2019-11-24,Non-Hazardous,12
-38.08403,145.11986,2019-12-17,Non-Hazardous,9
-38.08403,145.11986,2020-02-22,Non-Hazardous,8
-38.08403,145.11986,2020-05-01,Non-Hazardous,5
-38.08403,145.11986,2020-06-06,Non-Hazardous,5
-38.08403,145.11986,2020-07-08,Non-Hazardous,6
-38.08403,145.11986,2020-07-27,Non-Hazardous,7
-38.08403,145.11986,2020-08-01,Non-Hazardous,6
-38.07455,144.40463,2019-05-08,Hazardous,14
-38.07455,144.40463,2019-06-10,Non-Hazardous,8
-38.07455,144.40463,2019-08-08,Hazardous,15
-38.07455,144.40463,2019-08-31,Hazardous,10
-38.07455,144.40463,2019-11-10,Non-Hazardous,5
-38.07455,144.40463,2019-12-16,Hazardous,8
-38.07455,144.40463,2020-01-28,Non-Hazardous,6
-38.07455,144.40463,2020-02-26,Non-Hazardous,11
-38.07455,144.40463,2020-03-16,Non-Hazardous,9
-38.07455,144.40463,2020-06-19,Non-Hazardous,9
-38.07455,144.40463,2020-07-20,Non-Hazardous,7
-38.07455,144.40463,2020-08-05,Hazardous,13
-38.07455,144.40463,2020-10-08,Non-Hazardous,6
-38.03069,141.14153,2019-08-28,Non-Hazardous,11
-38.03069,141.14153,2019-08-29,Hazardous,6
-38.03069,141.14153,2019-09-24,Non-Hazardous,13
-38.03069,141.14153,2019-10-11,Non-Hazardous,10
-38.03069,141.14153,2019-11-09,Hazardous,7
-38.03069,141.14153,2019-11-30,Hazardous,15
-38.03069,141.14153,2020-01-04,Non-Hazardous,6
-38.03069,141.14153,2020-03-04,Hazardous,7
-38.03069,141.14153,2020-03-08,Non-Hazardous,13
-38.03069,141.14153,2020-07-07,Hazardous,14
-38.03069,141.14153,2020-08-05,Non-Hazardous,10
-38.03069,141.14153,2020-11-07,Non-Hazardous,12
-38.03069,141.14153,2020-12-02,Non-Hazardous,15
-38.02913,145.10266,2019-02-11,Non-Hazardous,10
-38.02913,145.10266,2019-03-08,Non-Hazardous,7
-38.02913,145.10266,2019-04-11,Hazardous,12
-38.02913,145.10266,2019-10-11,Hazardous,8
-38.02913,145.10266,2020-01-02,Non-Hazardous,7
-38.02913,145.10266,2020-02-20,Non-Hazardous,10
-38.02913,145.10266,2020-03-15,Non-Hazardous,8
-38.02913,145.10266,2020-04-23,Hazardous,10
-38.02913,145.10266,2020-04-28,Non-Hazardous,11
-38.02913,145.10266,2020-09-03,Non-Hazardous,8
-38.02913,145.10266,2020-09-05,Non-Hazardous,11
-38.02913,145.10266,2020-11-04,Hazardous,14
-38,145.08333,2019-05-08,Hazardous,12
-38,145.08333,2019-09-10,Hazardous,12
-38,145.08333,2019-09-30,Non-Hazardous,6
-38,145.08333,2019-10-12,Non-Hazardous,8
-38,145.08333,2019-10-13,Non-Hazardous,8
-38,145.08333,2019-12-18,Hazardous,9
-38,145.08333,2019-12-30,Non-Hazardous,14
-38,145.08333,2020-02-19,Non-Hazardous,5
-38,145.08333,2020-03-03,Hazardous,9
-38,145.08333,2020-05-18,Non-Hazardous,15
-38,145.08333,2020-07-01,Non-Hazardous,8
-38,145.08333,2020-08-03,Non-Hazardous,8
-37.93278,144.43194,2019-01-12,Hazardous,5
-37.93278,144.43194,2019-05-12,Non-Hazardous,6
-37.93278,144.43194,2019-09-10,Non-Hazardous,5
-37.93278,144.43194,2019-10-23,Non-Hazardous,10
-37.93278,144.43194,2019-10-29,Hazardous,8
-37.93278,144.43194,2020-04-16,Hazardous,8
-37.93278,144.43194,2020-04-20,Non-Hazardous,6
-37.93278,144.43194,2020-04-30,Hazardous,8
-37.93278,144.43194,2020-05-06,Non-Hazardous,6
-37.93278,144.43194,2020-05-13,Non-Hazardous,7
-37.93278,144.43194,2020-06-15,Hazardous,9
-37.93278,144.43194,2020-07-13,Non-Hazardous,5
-37.90431,144.65236,2019-02-12,Non-Hazardous,10
-37.90431,144.65236,2019-04-10,Non-Hazardous,10
-37.90431,144.65236,2019-07-12,Non-Hazardous,8
-37.90431,144.65236,2019-08-23,Hazardous,9
-37.90431,144.65236,2019-09-22,Hazardous,10
-37.90431,144.65236,2019-09-29,Non-Hazardous,9
-37.90431,144.65236,2019-12-19,Hazardous,7
-37.90431,144.65236,2020-01-27,Hazardous,15
-37.90431,144.65236,2020-05-15,Non-Hazardous,9
-37.90431,144.65236,2020-07-08,Non-Hazardous,6
-37.90431,144.65236,2020-10-04,Non-Hazardous,7
-37.90431,144.65236,2020-12-06,Non-Hazardous,10
-37.9,144.66667,2019-10-27,Non-Hazardous,11
-37.9,144.66667,2019-11-29,Non-Hazardous,5
-37.9,144.66667,2019-12-17,Non-Hazardous,9
-37.9,144.66667,2020-01-25,Non-Hazardous,8
-37.9,144.66667,2020-04-22,Hazardous,12
-37.9,144.66667,2020-05-31,Non-Hazardous,13
-37.9,144.66667,2020-06-28,Non-Hazardous,15
-37.9,144.66667,2020-07-14,Non-Hazardous,9
-37.9,144.66667,2020-07-29,Hazardous,5
-37.9,144.66667,2020-09-03,Non-Hazardous,15
-37.9,144.66667,2020-11-01,Non-Hazardous,5
-37.9,144.66667,2020-12-02,Hazardous,6
-37.89264,144.98819,2019-01-11,Non-Hazardous,11
-37.89264,144.98819,2019-01-11,Hazardous,6
-37.89264,144.98819,2019-07-08,Non-Hazardous,6
-37.89264,144.98819,2019-08-08,Non-Hazardous,15
-37.89264,144.98819,2019-08-19,Hazardous,12
-37.89264,144.98819,2019-08-23,Non-Hazardous,7
-37.89264,144.98819,2019-09-08,Non-Hazardous,8
-37.89264,144.98819,2019-09-11,Hazardous,14
-37.89264,144.98819,2019-09-14,Non-Hazardous,12
-37.89264,144.98819,2019-09-16,Non-Hazardous,13
-37.89264,144.98819,2019-09-19,Hazardous,9
-37.89264,144.98819,2019-10-09,Non-Hazardous,11
-37.89264,144.98819,2019-10-16,Non-Hazardous,12
-37.89264,144.98819,2019-10-17,Hazardous,5
-37.89264,144.98819,2019-11-21,Non-Hazardous,11
-37.89264,144.98819,2019-12-24,Non-Hazardous,12
-37.89264,144.98819,2019-12-26,Hazardous,6
-37.89264,144.98819,2020-01-18,Non-Hazardous,8
-37.89264,144.98819,2020-01-19,Hazardous,5
-37.89264,144.98819,2020-01-22,Hazardous,11
-37.89264,144.98819,2020-01-23,Hazardous,6
-37.89264,144.98819,2020-02-07,Non-Hazardous,6
-37.89264,144.98819,2020-02-08,Hazardous,15
-37.89264,144.98819,2020-02-22,Hazardous,11
-37.89264,144.98819,2020-03-17,Hazardous,7
-37.89264,144.98819,2020-03-20,Non-Hazardous,7
-37.89264,144.98819,2020-03-21,Non-Hazardous,5
-37.89264,144.98819,2020-03-27,Non-Hazardous,15
-37.89264,144.98819,2020-03-29,Non-Hazardous,5
-37.89264,144.98819,2020-04-18,Hazardous,5
-37.89264,144.98819,2020-04-19,Hazardous,12
-37.89264,144.98819,2020-04-20,Hazardous,14
-37.89264,144.98819,2020-05-02,Hazardous,13
-37.89264,144.98819,2020-05-05,Non-Hazardous,7
-37.89264,144.98819,2020-05-14,Non-Hazardous,14
-37.89264,144.98819,2020-05-17,Non-Hazardous,9
-37.89264,144.98819,2020-06-01,Non-Hazardous,9
-37.89264,144.98819,2020-06-04,Non-Hazardous,6
-37.89264,144.98819,2020-06-07,Non-Hazardous,13
-37.89264,144.98819,2020-06-16,Non-Hazardous,5
-37.89264,144.98819,2020-06-16,Hazardous,14
-37.89264,144.98819,2020-06-22,Non-Hazardous,6
-37.89264,144.98819,2020-07-07,Non-Hazardous,7
-37.89264,144.98819,2020-07-20,Non-Hazardous,7
-37.89264,144.98819,2020-07-20,Hazardous,11
-37.89264,144.98819,2020-07-21,Hazardous,13
-37.89264,144.98819,2020-08-04,Non-Hazardous,13
-37.89264,144.98819,2020-10-02,Non-Hazardous,5
-37.89264,144.98819,2020-10-03,Hazardous,8
-37.89264,144.98819,2020-11-04,Hazardous,12
-37.89264,144.98819,2020-11-08,Non-Hazardous,8
-37.89264,144.98819,2020-11-08,Hazardous,12
-37.88639,145.0025,2019-02-08,Non-Hazardous,14
-37.88639,145.0025,2019-02-11,Non-Hazardous,13
-37.88639,145.0025,2019-04-10,Hazardous,15
-37.88639,145.0025,2019-08-19,Hazardous,11
-37.88639,145.0025,2019-10-13,Non-Hazardous,7
-37.88639,145.0025,2019-10-21,Hazardous,13
-37.88639,145.0025,2020-02-20,Non-Hazardous,10
-37.88639,145.0025,2020-03-20,Hazardous,5
-37.88639,145.0025,2020-04-22,Non-Hazardous,15
-37.88639,145.0025,2020-06-25,Hazardous,14
-37.88639,145.0025,2020-07-15,Hazardous,7
-37.88639,145.0025,2020-12-07,Non-Hazardous,13
-37.88333,145,2019-01-10,Non-Hazardous,8
-37.88333,145,2019-08-29,Hazardous,12
-37.88333,145,2019-09-08,Non-Hazardous,14
-37.88333,145,2019-09-18,Hazardous,5
-37.88333,145,2019-10-13,Non-Hazardous,6
-37.88333,145,2019-11-28,Non-Hazardous,9
-37.88333,145,2019-12-31,Non-Hazardous,12
-37.88333,145,2020-01-03,Hazardous,9
-37.88333,145,2020-01-24,Hazardous,11
-37.88333,145,2020-03-02,Hazardous,13
-37.88333,145,2020-06-17,Non-Hazardous,6
-37.88333,145,2020-07-16,Hazardous,7
-37.88333,145,2020-08-01,Hazardous,5
-37.88306,144.97417,2019-08-18,Hazardous,15
-37.88306,144.97417,2019-08-30,Non-Hazardous,7
-37.88306,144.97417,2019-09-24,Non-Hazardous,15
-37.88306,144.97417,2019-10-21,Non-Hazardous,5
-37.88306,144.97417,2019-11-11,Non-Hazardous,7
-37.88306,144.97417,2019-12-11,Non-Hazardous,13
-37.88306,144.97417,2019-12-23,Non-Hazardous,15
-37.88306,144.97417,2020-01-18,Hazardous,10
-37.88306,144.97417,2020-01-22,Non-Hazardous,13
-37.88306,144.97417,2020-02-19,Hazardous,10
-37.88306,144.97417,2020-03-25,Non-Hazardous,7
-37.88306,144.97417,2020-04-16,Non-Hazardous,15
-37.88306,144.97417,2020-04-21,Non-Hazardous,6
-37.88306,144.97417,2020-04-29,Non-Hazardous,14
-37.88306,144.97417,2020-05-18,Hazardous,10
-37.88306,144.97417,2020-05-27,Hazardous,13
-37.88306,144.97417,2020-06-04,Non-Hazardous,14
-37.88306,144.97417,2020-06-25,Non-Hazardous,12
-37.88306,144.97417,2020-07-01,Non-Hazardous,10
-37.88306,144.97417,2020-07-31,Non-Hazardous,15
-37.88306,144.97417,2020-08-04,Non-Hazardous,12
-37.88306,144.97417,2020-09-01,Hazardous,14
-37.88306,144.97417,2020-10-01,Non-Hazardous,14
-37.88214,144.98215,2019-04-09,Hazardous,6
-37.88214,144.98215,2019-05-10,Hazardous,11
-37.88214,144.98215,2019-06-08,Non-Hazardous,10
-37.88214,144.98215,2019-06-12,Non-Hazardous,6
-37.88214,144.98215,2019-08-14,Non-Hazardous,14
-37.88214,144.98215,2019-09-18,Hazardous,7
-37.88214,144.98215,2019-10-22,Non-Hazardous,6
-37.88214,144.98215,2019-11-15,Non-Hazardous,10
-37.88214,144.98215,2019-11-18,Hazardous,7
-37.88214,144.98215,2020-01-18,Non-Hazardous,14
-37.88214,144.98215,2020-01-25,Non-Hazardous,13
-37.88214,144.98215,2020-02-18,Non-Hazardous,13
-37.88214,144.98215,2020-02-19,Hazardous,8
-37.88214,144.98215,2020-02-21,Hazardous,6
-37.88214,144.98215,2020-02-25,Hazardous,5
-37.88214,144.98215,2020-02-27,Non-Hazardous,15
-37.88214,144.98215,2020-03-05,Non-Hazardous,15
-37.88214,144.98215,2020-03-17,Non-Hazardous,12
-37.88214,144.98215,2020-04-21,Non-Hazardous,13
-37.88214,144.98215,2020-06-02,Hazardous,11
-37.88214,144.98215,2020-06-06,Non-Hazardous,6
-37.88214,144.98215,2020-07-27,Hazardous,12
-37.88214,144.98215,2020-09-05,Non-Hazardous,13
-37.88214,144.98215,2020-09-06,Hazardous,5
-37.88214,144.98215,2020-11-07,Hazardous,5
-37.88097,144.98625,2019-04-08,Hazardous,13
-37.88097,144.98625,2019-06-10,Hazardous,14
-37.88097,144.98625,2019-06-12,Non-Hazardous,5
-37.88097,144.98625,2019-08-19,Hazardous,15
-37.88097,144.98625,2019-09-09,Non-Hazardous,11
-37.88097,144.98625,2019-09-20,Hazardous,11
-37.88097,144.98625,2019-10-19,Non-Hazardous,8
-37.88097,144.98625,2019-10-19,Hazardous,5
-37.88097,144.98625,2019-10-25,Non-Hazardous,14
-37.88097,144.98625,2019-11-08,Non-Hazardous,11
-37.88097,144.98625,2019-11-21,Non-Hazardous,14
-37.88097,144.98625,2019-11-23,Non-Hazardous,12
-37.88097,144.98625,2019-12-21,Non-Hazardous,13
-37.88097,144.98625,2019-12-30,Non-Hazardous,10
-37.88097,144.98625,2020-01-06,Non-Hazardous,12
-37.88097,144.98625,2020-02-18,Non-Hazardous,10
-37.88097,144.98625,2020-03-27,Hazardous,14
-37.88097,144.98625,2020-04-19,Non-Hazardous,14
-37.88097,144.98625,2020-05-19,Non-Hazardous,10
-37.88097,144.98625,2020-05-25,Non-Hazardous,11
-37.88097,144.98625,2020-05-25,Hazardous,5
-37.88097,144.98625,2020-06-16,Non-Hazardous,14
-37.88097,144.98625,2020-06-27,Hazardous,13
-37.88097,144.98625,2020-07-05,Non-Hazardous,15
-37.88097,144.98625,2020-09-04,Non-Hazardous,9
-37.88097,144.98625,2020-10-07,Non-Hazardous,7
-37.86931,144.99347,2019-12-18,Non-Hazardous,13
-37.86931,144.99347,2020-01-04,Non-Hazardous,9
-37.86931,144.99347,2020-02-06,Non-Hazardous,15
-37.86931,144.99347,2020-02-06,Hazardous,11
-37.86931,144.99347,2020-03-05,Hazardous,14
-37.86931,144.99347,2020-03-08,Non-Hazardous,11
-37.86931,144.99347,2020-06-07,Non-Hazardous,14
-37.86931,144.99347,2020-06-18,Hazardous,13
-37.86931,144.99347,2020-07-02,Non-Hazardous,7
-37.86931,144.99347,2020-09-02,Hazardous,7
-37.86931,144.99347,2020-10-05,Non-Hazardous,15
-37.86931,144.99347,2020-12-07,Non-Hazardous,10
-37.86431,144.96959,2019-03-10,Hazardous,6
-37.86431,144.96959,2019-09-18,Non-Hazardous,6
-37.86431,144.96959,2019-09-24,Hazardous,10
-37.86431,144.96959,2019-09-28,Non-Hazardous,9
-37.86431,144.96959,2019-10-16,Non-Hazardous,9
-37.86431,144.96959,2019-11-11,Non-Hazardous,7
-37.86431,144.96959,2019-11-17,Non-Hazardous,11
-37.86431,144.96959,2019-11-26,Non-Hazardous,10
-37.86431,144.96959,2019-12-22,Non-Hazardous,6
-37.86431,144.96959,2020-02-13,Hazardous,6
-37.86431,144.96959,2020-02-18,Non-Hazardous,9
-37.86431,144.96959,2020-02-27,Hazardous,9
-37.86431,144.96959,2020-03-13,Hazardous,12
-37.86431,144.96959,2020-03-15,Non-Hazardous,14
-37.86431,144.96959,2020-03-18,Hazardous,10
-37.86431,144.96959,2020-04-05,Hazardous,6
-37.86431,144.96959,2020-05-17,Non-Hazardous,15
-37.86431,144.96959,2020-07-16,Non-Hazardous,11
-37.86431,144.96959,2020-07-21,Non-Hazardous,15
-37.86431,144.96959,2020-07-31,Hazardous,14
-37.86431,144.96959,2020-09-05,Non-Hazardous,5
-37.86431,144.96959,2020-10-02,Non-Hazardous,5
-37.86431,144.96959,2020-11-01,Non-Hazardous,9
-37.86431,144.96959,2020-11-05,Hazardous,13
-37.84282,144.92626,2019-05-10,Hazardous,11
-37.84282,144.92626,2019-07-09,Non-Hazardous,11
-37.84282,144.92626,2019-10-10,Hazardous,9
-37.84282,144.92626,2020-01-06,Non-Hazardous,10
-37.84282,144.92626,2020-02-14,Non-Hazardous,12
-37.84282,144.92626,2020-03-16,Non-Hazardous,15
-37.84282,144.92626,2020-05-07,Non-Hazardous,8
-37.84282,144.92626,2020-05-19,Hazardous,11
-37.84282,144.92626,2020-06-18,Hazardous,15
-37.84282,144.92626,2020-08-07,Non-Hazardous,14
-37.84282,144.92626,2020-09-07,Non-Hazardous,8
-37.84282,144.92626,2020-11-03,Non-Hazardous,13
-37.83931,144.91747,2019-01-10,Non-Hazardous,10
-37.83931,144.91747,2019-01-10,Hazardous,15
-37.83931,144.91747,2019-02-10,Hazardous,7
-37.83931,144.91747,2019-03-10,Hazardous,5
-37.83931,144.91747,2019-03-12,Non-Hazardous,11
-37.83931,144.91747,2019-04-09,Non-Hazardous,13
-37.83931,144.91747,2019-07-11,Non-Hazardous,8
-37.83931,144.91747,2019-07-12,Non-Hazardous,13
-37.83931,144.91747,2019-08-08,Hazardous,15
-37.83931,144.91747,2019-08-12,Hazardous,14
-37.83931,144.91747,2019-08-13,Hazardous,5
-37.83931,144.91747,2019-08-15,Non-Hazardous,12
-37.83931,144.91747,2019-08-18,Hazardous,11
-37.83931,144.91747,2019-08-23,Non-Hazardous,6
-37.83931,144.91747,2019-08-29,Non-Hazardous,12
-37.83931,144.91747,2019-08-29,Hazardous,11
-37.83931,144.91747,2019-09-11,Non-Hazardous,10
-37.83931,144.91747,2019-10-08,Non-Hazardous,6
-37.83931,144.91747,2019-10-18,Non-Hazardous,14
-37.83931,144.91747,2019-11-23,Non-Hazardous,7
-37.83931,144.91747,2019-11-29,Non-Hazardous,15
-37.83931,144.91747,2019-12-11,Hazardous,9
-37.83931,144.91747,2019-12-23,Non-Hazardous,5
-37.83931,144.91747,2020-01-15,Non-Hazardous,5
-37.83931,144.91747,2020-01-29,Non-Hazardous,14
-37.83931,144.91747,2020-02-04,Non-Hazardous,13
-37.83931,144.91747,2020-02-15,Hazardous,6
-37.83931,144.91747,2020-03-13,Hazardous,9
-37.83931,144.91747,2020-03-26,Non-Hazardous,8
-37.83931,144.91747,2020-03-28,Non-Hazardous,7
-37.83931,144.91747,2020-04-24,Non-Hazardous,15
-37.83931,144.91747,2020-05-31,Non-Hazardous,15
-37.83931,144.91747,2020-06-08,Non-Hazardous,7
-37.83931,144.91747,2020-06-17,Non-Hazardous,8
-37.83931,144.91747,2020-06-28,Non-Hazardous,9
-37.83931,144.91747,2020-07-06,Non-Hazardous,14
-37.83931,144.91747,2020-07-07,Hazardous,5
-37.83931,144.91747,2020-07-16,Hazardous,9
-37.83931,144.91747,2020-07-17,Non-Hazardous,15
-37.83931,144.91747,2020-07-18,Non-Hazardous,10
-37.83931,144.91747,2020-07-25,Non-Hazardous,14
-37.83931,144.91747,2020-07-26,Hazardous,12
-37.83931,144.91747,2020-08-04,Hazardous,9
-37.83931,144.91747,2020-09-03,Hazardous,13
-37.83931,144.91747,2020-09-05,Hazardous,11
-37.83931,144.91747,2020-10-07,Non-Hazardous,9
-37.83931,144.91747,2020-11-01,Non-Hazardous,13
-37.83931,144.91747,2020-11-07,Non-Hazardous,15
-37.83912,144.9934,2019-08-21,Non-Hazardous,8
-37.83912,144.9934,2019-10-10,Hazardous,10
-37.83912,144.9934,2019-10-27,Non-Hazardous,13
-37.83912,144.9934,2019-10-29,Non-Hazardous,8
-37.83912,144.9934,2019-11-25,Non-Hazardous,11
-37.83912,144.9934,2019-12-30,Hazardous,6
-37.83912,144.9934,2020-03-01,Hazardous,6
-37.83912,144.9934,2020-04-07,Non-Hazardous,8
-37.83912,144.9934,2020-05-30,Non-Hazardous,10
-37.83912,144.9934,2020-07-03,Non-Hazardous,10
-37.83912,144.9934,2020-09-02,Non-Hazardous,9
-37.83912,144.9934,2020-11-08,Non-Hazardous,12
-37.83912,144.9934,2020-12-01,Hazardous,12
-37.81667,144.93333,2019-02-12,Non-Hazardous,11
-37.81667,144.93333,2019-07-11,Non-Hazardous,5
-37.81667,144.93333,2019-08-08,Hazardous,9
-37.81667,144.93333,2019-08-19,Non-Hazardous,14
-37.81667,144.93333,2019-08-30,Hazardous,7
-37.81667,144.93333,2019-09-18,Non-Hazardous,7
-37.81667,144.93333,2019-10-27,Non-Hazardous,14
-37.81667,144.93333,2019-11-27,Non-Hazardous,6
-37.81667,144.93333,2019-12-13,Non-Hazardous,8
-37.81667,144.93333,2019-12-18,Non-Hazardous,5
-37.81667,144.93333,2019-12-24,Non-Hazardous,8
-37.81667,144.93333,2020-01-06,Non-Hazardous,8
-37.81667,144.93333,2020-01-07,Non-Hazardous,7
-37.81667,144.93333,2020-01-24,Hazardous,9
-37.81667,144.93333,2020-02-15,Hazardous,6
-37.81667,144.93333,2020-03-04,Non-Hazardous,10
-37.81667,144.93333,2020-03-24,Non-Hazardous,12
-37.81667,144.93333,2020-04-01,Non-Hazardous,5
-37.81667,144.93333,2020-06-16,Hazardous,13
-37.81667,144.93333,2020-08-01,Non-Hazardous,13
-37.81667,144.93333,2020-08-02,Non-Hazardous,12
-37.81667,144.93333,2020-08-03,Hazardous,12
-37.81667,144.93333,2020-09-02,Hazardous,11
-37.81667,144.93333,2020-10-06,Non-Hazardous,7
-37.81667,144.93333,2020-12-02,Hazardous,8
-37.81589,144.96367,2019-08-15,Non-Hazardous,13
-37.81589,144.96367,2019-09-16,Non-Hazardous,13
-37.81589,144.96367,2019-10-20,Hazardous,15
-37.81589,144.96367,2019-12-09,Non-Hazardous,13
-37.81589,144.96367,2020-02-07,Hazardous,7
-37.81589,144.96367,2020-02-28,Hazardous,11
-37.81589,144.96367,2020-04-15,Non-Hazardous,13
-37.81589,144.96367,2020-07-02,Non-Hazardous,12
-37.81589,144.96367,2020-07-17,Hazardous,5
-37.81589,144.96367,2020-07-21,Non-Hazardous,8
-37.81589,144.96367,2020-11-08,Non-Hazardous,15
-37.81589,144.96367,2020-12-02,Non-Hazardous,9
-37.8149,144.95052,2019-07-10,Non-Hazardous,13
-37.8149,144.95052,2019-08-12,Non-Hazardous,5
-37.8149,144.95052,2019-09-23,Non-Hazardous,14
-37.8149,144.95052,2019-10-20,Hazardous,13
-37.8149,144.95052,2020-01-15,Non-Hazardous,14
-37.8149,144.95052,2020-02-04,Non-Hazardous,10
-37.8149,144.95052,2020-03-07,Non-Hazardous,15
-37.8149,144.95052,2020-04-19,Non-Hazardous,5
-37.8149,144.95052,2020-06-14,Non-Hazardous,13
-37.8149,144.95052,2020-06-28,Non-Hazardous,6
-37.8149,144.95052,2020-06-29,Non-Hazardous,11
-37.8149,144.95052,2020-07-07,Non-Hazardous,11
-37.8149,144.95052,2020-07-28,Hazardous,9
-37.81181,145.01292,2019-03-11,Non-Hazardous,12
-37.81181,145.01292,2019-08-21,Non-Hazardous,14
-37.81181,145.01292,2019-10-28,Non-Hazardous,12
-37.81181,145.01292,2019-12-09,Non-Hazardous,6
-37.81181,145.01292,2019-12-18,Hazardous,14
-37.81181,145.01292,2020-01-30,Hazardous,7
-37.81181,145.01292,2020-06-02,Non-Hazardous,6
-37.81181,145.01292,2020-06-16,Non-Hazardous,14
-37.81181,145.01292,2020-06-22,Hazardous,15
-37.81181,145.01292,2020-07-20,Non-Hazardous,6
-37.81181,145.01292,2020-07-27,Hazardous,8
-37.81181,145.01292,2020-08-07,Hazardous,13
-37.81181,145.01292,2020-12-06,Non-Hazardous,8
-37.8,144.9,2019-02-09,Non-Hazardous,11
-37.8,144.9,2019-05-11,Non-Hazardous,15
-37.8,144.9,2019-08-10,Hazardous,7
-37.8,144.9,2019-08-20,Non-Hazardous,8
-37.8,144.9,2019-10-15,Non-Hazardous,7
-37.8,144.9,2019-10-27,Hazardous,9
-37.8,144.9,2019-11-15,Non-Hazardous,10
-37.8,144.9,2020-01-21,Hazardous,12
-37.8,144.9,2020-01-22,Hazardous,10
-37.8,144.9,2020-03-29,Hazardous,10
-37.8,144.9,2020-04-04,Non-Hazardous,12
-37.8,144.9,2020-04-27,Hazardous,7
-37.8,144.9,2020-06-02,Non-Hazardous,12
-37.79425,144.91005,2019-01-12,Hazardous,13
-37.79425,144.91005,2019-03-09,Non-Hazardous,6
-37.79425,144.91005,2019-03-11,Non-Hazardous,8
-37.79425,144.91005,2019-03-11,Hazardous,12
-37.79425,144.91005,2019-07-11,Hazardous,11
-37.79425,144.91005,2019-08-22,Non-Hazardous,5
-37.79425,144.91005,2019-08-23,Non-Hazardous,13
-37.79425,144.91005,2019-08-26,Non-Hazardous,13
-37.79425,144.91005,2019-09-08,Non-Hazardous,6
-37.79425,144.91005,2019-09-11,Non-Hazardous,6
-37.79425,144.91005,2019-09-19,Non-Hazardous,12
-37.79425,144.91005,2019-10-08,Non-Hazardous,6
-37.79425,144.91005,2019-10-09,Non-Hazardous,7
-37.79425,144.91005,2019-10-12,Hazardous,12
-37.79425,144.91005,2019-10-19,Non-Hazardous,11
-37.79425,144.91005,2019-10-20,Hazardous,9
-37.79425,144.91005,2019-10-24,Hazardous,10
-37.79425,144.91005,2019-11-08,Non-Hazardous,9
-37.79425,144.91005,2019-11-14,Non-Hazardous,5
-37.79425,144.91005,2019-11-15,Hazardous,7
-37.79425,144.91005,2019-11-17,Hazardous,10
-37.79425,144.91005,2019-11-26,Non-Hazardous,7
-37.79425,144.91005,2019-12-11,Non-Hazardous,15
-37.79425,144.91005,2019-12-17,Hazardous,5
-37.79425,144.91005,2019-12-29,Hazardous,15
-37.79425,144.91005,2020-01-13,Non-Hazardous,5
-37.79425,144.91005,2020-01-29,Non-Hazardous,9
-37.79425,144.91005,2020-02-02,Non-Hazardous,8
-37.79425,144.91005,2020-02-27,Hazardous,13
-37.79425,144.91005,2020-03-08,Non-Hazardous,14
-37.79425,144.91005,2020-03-14,Non-Hazardous,5
-37.79425,144.91005,2020-03-28,Non-Hazardous,7
-37.79425,144.91005,2020-04-14,Non-Hazardous,7
-37.79425,144.91005,2020-04-16,Non-Hazardous,13
-37.79425,144.91005,2020-04-23,Hazardous,15
-37.79425,144.91005,2020-05-05,Non-Hazardous,11
-37.79425,144.91005,2020-05-16,Hazardous,6
-37.79425,144.91005,2020-05-26,Hazardous,13
-37.79425,144.91005,2020-05-27,Non-Hazardous,6
-37.79425,144.91005,2020-05-28,Hazardous,6
-37.79425,144.91005,2020-06-03,Non-Hazardous,9
-37.79425,144.91005,2020-06-07,Non-Hazardous,12
-37.79425,144.91005,2020-06-14,Hazardous,11
-37.79425,144.91005,2020-06-20,Non-Hazardous,7
-37.79425,144.91005,2020-07-01,Hazardous,5
-37.79425,144.91005,2020-07-08,Non-Hazardous,10
-37.79425,144.91005,2020-07-18,Non-Hazardous,8
-37.79425,144.91005,2020-08-02,Non-Hazardous,9
-37.79425,144.91005,2020-09-03,Hazardous,5
-37.79425,144.91005,2020-10-06,Non-Hazardous,10
-37.79425,144.91005,2020-11-03,Non-Hazardous,15
-37.79141,144.87786,2019-08-27,Hazardous,5
-37.79141,144.87786,2019-10-14,Hazardous,11
-37.79141,144.87786,2019-12-24,Non-Hazardous,12
-37.79141,144.87786,2019-12-27,Non-Hazardous,11
-37.79141,144.87786,2020-03-21,Hazardous,10
-37.79141,144.87786,2020-04-18,Non-Hazardous,14
-37.79141,144.87786,2020-05-08,Non-Hazardous,14
-37.79141,144.87786,2020-05-20,Hazardous,15
-37.79141,144.87786,2020-05-25,Non-Hazardous,9
-37.79141,144.87786,2020-07-30,Non-Hazardous,9
-37.79141,144.87786,2020-09-08,Hazardous,8
-37.79141,144.87786,2020-10-04,Non-Hazardous,14
-37.79141,144.87786,2020-11-05,Non-Hazardous,15
-37.78333,144.95,2019-01-09,Non-Hazardous,9
-37.78333,144.95,2019-08-23,Non-Hazardous,9
-37.78333,144.95,2019-10-08,Non-Hazardous,15
-37.78333,144.95,2019-10-09,Non-Hazardous,10
-37.78333,144.95,2019-10-31,Non-Hazardous,13
-37.78333,144.95,2019-11-18,Hazardous,14
-37.78333,144.95,2019-12-09,Non-Hazardous,8
-37.78333,144.95,2020-04-13,Hazardous,5
-37.78333,144.95,2020-04-22,Hazardous,7
-37.78333,144.95,2020-05-04,Hazardous,8
-37.78333,144.95,2020-05-17,Non-Hazardous,6
-37.78333,144.95,2020-06-04,Hazardous,7
-37.78333,144.95,2020-06-21,Non-Hazardous,10
-37.76708,145.02569,2019-04-09,Non-Hazardous,13
-37.76708,145.02569,2019-07-12,Hazardous,11
-37.76708,145.02569,2019-09-17,Non-Hazardous,9
-37.76708,145.02569,2019-09-26,Hazardous,11
-37.76708,145.02569,2019-11-09,Hazardous,15
-37.76708,145.02569,2019-12-31,Hazardous,6
-37.76708,145.02569,2020-05-14,Non-Hazardous,7
-37.76708,145.02569,2020-06-04,Non-Hazardous,6
-37.76708,145.02569,2020-06-22,Non-Hazardous,14
-37.76708,145.02569,2020-07-23,Non-Hazardous,9
-37.76708,145.02569,2020-09-03,Hazardous,9
-37.76708,145.02569,2020-10-03,Non-Hazardous,7
-37.75,145.23333,2019-05-09,Hazardous,13
-37.75,145.23333,2019-08-13,Non-Hazardous,12
-37.75,145.23333,2019-10-19,Non-Hazardous,12
-37.75,145.23333,2019-11-11,Non-Hazardous,10
-37.75,145.23333,2019-11-16,Hazardous,11
-37.75,145.23333,2020-01-13,Hazardous,7
-37.75,145.23333,2020-04-02,Non-Hazardous,10
-37.75,145.23333,2020-04-29,Hazardous,5
-37.75,145.23333,2020-05-05,Hazardous,15
-37.75,145.23333,2020-05-19,Non-Hazardous,9
-37.75,145.23333,2020-11-03,Non-Hazardous,7
-37.67852,144.56883,2019-03-08,Hazardous,9
-37.67852,144.56883,2020-01-13,Non-Hazardous,14
-37.67852,144.56883,2020-01-21,Non-Hazardous,9
-37.67852,144.56883,2020-01-27,Hazardous,12
-37.67852,144.56883,2020-01-29,Hazardous,7
-37.67852,144.56883,2020-03-25,Non-Hazardous,11
-37.67852,144.56883,2020-03-27,Hazardous,15
-37.67852,144.56883,2020-07-14,Non-Hazardous,11
-37.67852,144.56883,2020-07-15,Non-Hazardous,8
-37.67852,144.56883,2020-08-03,Non-Hazardous,5
-37.67852,144.56883,2020-09-02,Hazardous,15
-37.67333,144.84333,2019-06-11,Hazardous,13
-37.67333,144.84333,2019-08-12,Hazardous,14
-37.67333,144.84333,2019-08-20,Non-Hazardous,13
-37.67333,144.84333,2019-08-31,Non-Hazardous,7
-37.67333,144.84333,2019-11-22,Hazardous,13
-37.67333,144.84333,2019-12-29,Non-Hazardous,5
-37.67333,144.84333,2020-01-04,Non-Hazardous,7
-37.67333,144.84333,2020-01-25,Non-Hazardous,15
-37.67333,144.84333,2020-02-14,Non-Hazardous,7
-37.67333,144.84333,2020-03-06,Non-Hazardous,12
-37.67333,144.84333,2020-03-08,Hazardous,8
-37.67333,144.84333,2020-03-18,Non-Hazardous,13
-37.67333,144.84333,2020-04-16,Non-Hazardous,8
-37.67333,144.84333,2020-04-17,Non-Hazardous,10
-37.67333,144.84333,2020-04-19,Non-Hazardous,14
-37.67333,144.84333,2020-05-17,Non-Hazardous,13
-37.67333,144.84333,2020-05-29,Non-Hazardous,8
-37.67333,144.84333,2020-06-15,Non-Hazardous,10
-37.67333,144.84333,2020-06-17,Non-Hazardous,5
-37.67333,144.84333,2020-06-19,Non-Hazardous,8
-37.67333,144.84333,2020-07-23,Hazardous,5
-37.67333,144.84333,2020-10-01,Non-Hazardous,10
-37.67333,144.84333,2020-11-04,Non-Hazardous,14
-37.67333,144.84333,2020-11-06,Non-Hazardous,15
-37.67333,144.84333,2020-11-07,Non-Hazardous,12
-37.14646,142.52345,2019-02-11,Non-Hazardous,6
-37.14646,142.52345,2019-08-19,Non-Hazardous,6
-37.14646,142.52345,2019-10-11,Non-Hazardous,9
-37.14646,142.52345,2019-11-19,Non-Hazardous,5
-37.14646,142.52345,2019-12-21,Hazardous,14
-37.14646,142.52345,2019-12-28,Non-Hazardous,9
-37.14646,142.52345,2020-03-18,Hazardous,6
-37.14646,142.52345,2020-04-14,Non-Hazardous,8
-37.14646,142.52345,2020-04-19,Hazardous,7
-37.14646,142.52345,2020-10-03,Non-Hazardous,11
-37.14646,142.52345,2020-11-02,Non-Hazardous,7
-34.74108,138.5376,2019-01-12,Hazardous,12
-34.74108,138.5376,2019-02-10,Non-Hazardous,13
-34.74108,138.5376,2019-03-10,Non-Hazardous,6
-34.74108,138.5376,2019-04-09,Non-Hazardous,15
-34.74108,138.5376,2019-05-10,Non-Hazardous,13
-34.74108,138.5376,2019-05-12,Non-Hazardous,9
-34.74108,138.5376,2019-06-11,Hazardous,15
-34.74108,138.5376,2019-08-27,Non-Hazardous,7
-34.74108,138.5376,2019-09-22,Non-Hazardous,14
-34.74108,138.5376,2019-09-28,Non-Hazardous,5
-34.74108,138.5376,2019-09-30,Hazardous,14
-34.74108,138.5376,2019-10-09,Hazardous,13
-34.74108,138.5376,2019-10-29,Hazardous,9
-34.74108,138.5376,2019-11-09,Non-Hazardous,5
-34.74108,138.5376,2019-11-12,Non-Hazardous,6
-34.74108,138.5376,2019-12-22,Non-Hazardous,13
-34.74108,138.5376,2019-12-24,Hazardous,10
-34.74108,138.5376,2020-01-17,Non-Hazardous,11
-34.74108,138.5376,2020-01-18,Non-Hazardous,7
-34.74108,138.5376,2020-01-21,Hazardous,13
-34.74108,138.5376,2020-01-27,Non-Hazardous,14
-34.74108,138.5376,2020-01-28,Non-Hazardous,10
-34.74108,138.5376,2020-03-28,Hazardous,13
-34.74108,138.5376,2020-03-30,Hazardous,7
-34.74108,138.5376,2020-04-05,Hazardous,10
-34.74108,138.5376,2020-04-27,Non-Hazardous,10
-34.74108,138.5376,2020-05-03,Non-Hazardous,11
-34.74108,138.5376,2020-05-30,Non-Hazardous,7
-34.74108,138.5376,2020-06-18,Non-Hazardous,9
-34.74108,138.5376,2020-06-27,Non-Hazardous,15
-34.74108,138.5376,2020-07-05,Non-Hazardous,10
-34.74108,138.5376,2020-07-17,Hazardous,6
-34.74108,138.5376,2020-07-19,Non-Hazardous,14
-34.74108,138.5376,2020-07-22,Non-Hazardous,11
-34.74108,138.5376,2020-07-31,Non-Hazardous,15
-34.6318,146.3346,2019-03-11,Non-Hazardous,13
-34.6318,146.3346,2019-07-11,Hazardous,8
-34.6318,146.3346,2019-09-14,Non-Hazardous,6
-34.6318,146.3346,2019-10-08,Hazardous,15
-34.6318,146.3346,2019-12-17,Non-Hazardous,13
-34.6318,146.3346,2020-01-01,Hazardous,7
-34.6318,146.3346,2020-01-15,Hazardous,14
-34.6318,146.3346,2020-01-26,Non-Hazardous,7
-34.6318,146.3346,2020-02-03,Non-Hazardous,6
-34.6318,146.3346,2020-04-16,Hazardous,8
-34.6318,146.3346,2020-06-07,Non-Hazardous,12
-34.6318,146.3346,2020-06-23,Non-Hazardous,12
-34.6318,146.3346,2020-12-07,Hazardous,10
-34.07259,148.88625,2019-08-26,Hazardous,10
-34.07259,148.88625,2019-11-08,Hazardous,7
-34.07259,148.88625,2019-11-10,Hazardous,6
-34.07259,148.88625,2019-11-14,Non-Hazardous,11
-34.07259,148.88625,2020-01-25,Hazardous,8
-34.07259,148.88625,2020-03-21,Non-Hazardous,15
-34.07259,148.88625,2020-03-24,Non-Hazardous,7
-34.07259,148.88625,2020-03-29,Hazardous,9
-34.07259,148.88625,2020-06-24,Hazardous,10
-34.07259,148.88625,2020-07-25,Non-Hazardous,13
-34.07259,148.88625,2020-10-08,Non-Hazardous,9
-34.07259,148.88625,2020-11-04,Non-Hazardous,7
-34.07259,148.88625,2020-12-06,Hazardous,13
-33.9652,151.11791,2019-03-09,Hazardous,6
-33.9652,151.11791,2019-08-09,Non-Hazardous,11
-33.9652,151.11791,2019-08-13,Hazardous,7
-33.9652,151.11791,2020-01-01,Non-Hazardous,11
-33.9652,151.11791,2020-01-15,Non-Hazardous,10
-33.9652,151.11791,2020-01-17,Hazardous,14
-33.9652,151.11791,2020-02-16,Non-Hazardous,7
-33.9652,151.11791,2020-02-23,Non-Hazardous,13
-33.9652,151.11791,2020-03-18,Hazardous,5
-33.9652,151.11791,2020-04-05,Non-Hazardous,11
-33.9652,151.11791,2020-07-15,Hazardous,14
-33.9652,151.11791,2020-07-28,Hazardous,14
-33.9652,151.11791,2020-08-03,Hazardous,7
-33.85,151.16667,2019-02-08,Hazardous,9
-33.85,151.16667,2019-02-11,Non-Hazardous,9
-33.85,151.16667,2019-08-17,Non-Hazardous,15
-33.85,151.16667,2019-08-24,Non-Hazardous,9
-33.85,151.16667,2019-08-26,Non-Hazardous,6
-33.85,151.16667,2019-10-11,Hazardous,15
-33.85,151.16667,2019-10-22,Non-Hazardous,7
-33.85,151.16667,2019-11-21,Non-Hazardous,10
-33.85,151.16667,2019-12-29,Hazardous,13
-33.85,151.16667,2020-01-02,Non-Hazardous,13
-33.85,151.16667,2020-04-05,Non-Hazardous,12
-33.8318,151.28461,2019-01-12,Non-Hazardous,15
-33.8318,151.28461,2019-03-10,Non-Hazardous,9
-33.8318,151.28461,2019-09-20,Non-Hazardous,5
-33.8318,151.28461,2019-11-16,Non-Hazardous,15
-33.8318,151.28461,2019-11-22,Hazardous,15
-33.8318,151.28461,2020-01-14,Hazardous,11
-33.8318,151.28461,2020-02-13,Hazardous,11
-33.8318,151.28461,2020-02-19,Hazardous,10
-33.8318,151.28461,2020-03-13,Non-Hazardous,5
-33.8318,151.28461,2020-04-07,Non-Hazardous,9
-33.8318,151.28461,2020-05-19,Hazardous,5
-33.8318,151.28461,2020-05-29,Non-Hazardous,15
-33.8318,151.28461,2020-06-03,Hazardous,15
-32.0652,152.53461,2019-09-13,Non-Hazardous,11
-32.0652,152.53461,2019-09-21,Hazardous,11
-32.0652,152.53461,2020-01-14,Non-Hazardous,11
-32.0652,152.53461,2020-01-19,Non-Hazardous,10
-32.0652,152.53461,2020-03-01,Hazardous,9
-32.0652,152.53461,2020-03-04,Non-Hazardous,6
-32.0652,152.53461,2020-04-25,Non-Hazardous,11
-32.0652,152.53461,2020-04-26,Hazardous,12
-32.0652,152.53461,2020-07-20,Hazardous,12
-32.0652,152.53461,2020-09-03,Non-Hazardous,14
-32.0652,152.53461,2020-09-05,Non-Hazardous,12
-32.0652,152.53461,2020-09-06,Non-Hazardous,15
-32.0652,152.53461,2020-12-05,Non-Hazardous,5
-29.8457,150.1651,2019-08-28,Non-Hazardous,5
-29.8457,150.1651,2019-11-19,Non-Hazardous,12
-29.8457,150.1651,2020-02-08,Non-Hazardous,12
-29.8457,150.1651,2020-03-07,Non-Hazardous,9
-29.8457,150.1651,2020-03-14,Non-Hazardous,11
-29.8457,150.1651,2020-03-15,Non-Hazardous,9
-29.8457,150.1651,2020-03-16,Hazardous,10
-29.8457,150.1651,2020-03-28,Non-Hazardous,7
-29.8457,150.1651,2020-05-18,Non-Hazardous,15
-29.8457,150.1651,2020-07-08,Hazardous,10
-29.8457,150.1651,2020-08-03,Non-Hazardous,12
-29.8457,150.1651,2020-09-07,Hazardous,12
-29.8457,150.1651,2020-10-06,Hazardous,9
-28.85823,153.0367,2019-08-19,Non-Hazardous,14
-28.85823,153.0367,2019-08-28,Hazardous,9
-28.85823,153.0367,2019-09-22,Non-Hazardous,11
-28.85823,153.0367,2019-09-27,Non-Hazardous,7
-28.85823,153.0367,2019-10-20,Non-Hazardous,5
-28.85823,153.0367,2019-11-19,Non-Hazardous,5
-28.85823,153.0367,2019-12-08,Non-Hazardous,5
-28.85823,153.0367,2020-01-15,Non-Hazardous,7
-28.85823,153.0367,2020-03-07,Non-Hazardous,6
-28.85823,153.0367,2020-04-19,Non-Hazardous,8
-28.85823,153.0367,2020-05-23,Non-Hazardous,15
-28.85823,153.0367,2020-06-14,Hazardous,12
-26.79757,153.14883,2019-08-10,Hazardous,6
-26.79757,153.14883,2019-08-24,Non-Hazardous,8
-26.79757,153.14883,2019-09-15,Non-Hazardous,14
-26.79757,153.14883,2019-09-24,Hazardous,8
-26.79757,153.14883,2019-10-25,Non-Hazardous,9
-26.79757,153.14883,2020-01-02,Non-Hazardous,11
-26.79757,153.14883,2020-03-25,Hazardous,13
-26.79757,153.14883,2020-04-07,Non-Hazardous,10
-26.79757,153.14883,2020-05-16,Non-Hazardous,11
-26.79757,153.14883,2020-05-24,Non-Hazardous,15
-26.79757,153.14883,2020-07-22,Hazardous,5
-26.79757,153.14883,2020-10-01,Hazardous,11
-26.79757,153.14883,2020-12-01,Hazardous,6
-26.76118,153.13245,2019-04-12,Non-Hazardous,10
-26.76118,153.13245,2019-09-13,Non-Hazardous,7
-26.76118,153.13245,2019-10-20,Hazardous,8
-26.76118,153.13245,2019-11-10,Non-Hazardous,9
-26.76118,153.13245,2019-11-20,Non-Hazardous,15
-26.76118,153.13245,2019-12-29,Non-Hazardous,10
-26.76118,153.13245,2020-03-03,Non-Hazardous,10
-26.76118,153.13245,2020-03-13,Hazardous,14
-26.76118,153.13245,2020-04-19,Hazardous,5
-26.76118,153.13245,2020-08-02,Non-Hazardous,14
-26.76118,153.13245,2020-08-03,Non-Hazardous,10
-26.76118,153.13245,2020-12-04,Non-Hazardous,12
-26.76118,153.13245,2020-12-07,Non-Hazardous,14
-26.72257,153.09494,2019-08-13,Non-Hazardous,11
-26.72257,153.09494,2019-09-08,Non-Hazardous,5
-26.72257,153.09494,2019-09-30,Hazardous,5
-26.72257,153.09494,2019-10-26,Hazardous,9
-26.72257,153.09494,2019-11-21,Non-Hazardous,5
-26.72257,153.09494,2020-02-03,Hazardous,9
-26.72257,153.09494,2020-02-29,Hazardous,11
-26.72257,153.09494,2020-06-13,Non-Hazardous,10
-26.72257,153.09494,2020-06-29,Hazardous,14
-26.72257,153.09494,2020-06-30,Non-Hazardous,10
-26.72257,153.09494,2020-07-24,Non-Hazardous,6
-26.72257,153.09494,2020-09-07,Non-Hazardous,14
-26.69573,153.12353,2019-06-09,Hazardous,9
-26.69573,153.12353,2019-10-23,Hazardous,5
-26.69573,153.12353,2019-11-11,Non-Hazardous,10
-26.69573,153.12353,2019-12-11,Hazardous,6
-26.69573,153.12353,2020-03-02,Non-Hazardous,5
-26.69573,153.12353,2020-03-17,Non-Hazardous,11
-26.69573,153.12353,2020-03-18,Hazardous,10
-26.69573,153.12353,2020-04-07,Hazardous,6
-26.69573,153.12353,2020-04-13,Non-Hazardous,12
-26.69573,153.12353,2020-04-18,Non-Hazardous,9
-26.69573,153.12353,2020-04-23,Hazardous,15
-26.69573,153.12353,2020-07-02,Hazardous,10
-26.63422,153.08114,2019-01-10,Hazardous,13
-26.63422,153.08114,2019-08-23,Non-Hazardous,10
-26.63422,153.08114,2019-10-29,Non-Hazardous,10
-26.63422,153.08114,2019-11-08,Non-Hazardous,5
-26.63422,153.08114,2019-11-13,Non-Hazardous,5
-26.63422,153.08114,2019-12-17,Non-Hazardous,10
-26.63422,153.08114,2020-02-24,Hazardous,15
-26.63422,153.08114,2020-04-28,Hazardous,12
-26.63422,153.08114,2020-05-07,Non-Hazardous,5
-26.63422,153.08114,2020-05-16,Hazardous,9
-26.63422,153.08114,2020-05-23,Non-Hazardous,7
-26.63422,153.08114,2020-07-01,Non-Hazardous,13
-26.63422,153.08114,2020-07-15,Non-Hazardous,10
-26.62613,152.95941,2019-01-10,Non-Hazardous,9
-26.62613,152.95941,2019-01-11,Non-Hazardous,6
-26.62613,152.95941,2019-06-09,Non-Hazardous,8
-26.62613,152.95941,2019-10-24,Non-Hazardous,6
-26.62613,152.95941,2019-11-17,Non-Hazardous,8
-26.62613,152.95941,2019-12-20,Non-Hazardous,13
-26.62613,152.95941,2020-02-21,Non-Hazardous,8
-26.62613,152.95941,2020-03-27,Non-Hazardous,11
-26.62613,152.95941,2020-03-30,Non-Hazardous,11
-26.62613,152.95941,2020-04-18,Hazardous,9
-26.62613,152.95941,2020-05-04,Non-Hazardous,9
-26.62613,152.95941,2020-07-17,Hazardous,13
-23.8125,151.22472,2019-09-25,Non-Hazardous,7
-23.8125,151.22472,2019-10-30,Non-Hazardous,13
-23.8125,151.22472,2019-11-11,Non-Hazardous,12
-23.8125,151.22472,2019-11-19,Hazardous,9
-23.8125,151.22472,2019-12-09,Non-Hazardous,12
-23.8125,151.22472,2020-01-04,Non-Hazardous,7
-23.8125,151.22472,2020-03-07,Non-Hazardous,13
-23.8125,151.22472,2020-03-13,Non-Hazardous,5
-23.8125,151.22472,2020-04-23,Non-Hazardous,15
-23.8125,151.22472,2020-05-04,Hazardous,15
-23.8125,151.22472,2020-06-04,Hazardous,9
-23.8125,151.22472,2020-08-01,Hazardous,8
-23.8125,151.22472,2020-10-05,Non-Hazardous,7
-20.8903,144.38814,2019-03-09,Non-Hazardous,9
-20.8903,144.38814,2019-08-21,Non-Hazardous,7
-20.8903,144.38814,2020-01-23,Non-Hazardous,12
-20.8903,144.38814,2020-02-22,Hazardous,11
-20.8903,144.38814,2020-02-24,Hazardous,11
-20.8903,144.38814,2020-03-08,Hazardous,5
-20.8903,144.38814,2020-04-13,Non-Hazardous,11
-20.8903,144.38814,2020-05-27,Non-Hazardous,9
-20.8903,144.38814,2020-07-16,Non-Hazardous,15
-20.8903,144.38814,2020-10-04,Non-Hazardous,13
-20.8903,144.38814,2020-11-03,Non-Hazardous,7
-20.8903,144.38814,2020-11-05,Hazardous,12
-20.8903,144.38814,2020-12-08,Hazardous,5